date,day_depth,night_depth,growth,mass,length,egestion,excretion,consumption,p,day_temperature,night_temperature,day_P,night_P,site
2015-03-01,11.998731583765935,11.998731583765935,0.03049065333557316,0.33049065333557315,35.271625550413106,0.12558709989158073,0.018711611696236235,0.36579348569963294,2.0,8.554282587627677,8.554282587627677,0.581654320432984,1.418345679567016,fall creek
2015-03-02,11.950149996177384,11.950149996177384,0.03258469283952864,0.3630753461751018,36.33098566605872,0.1230154077435245,0.018160249383330235,0.3564985685198427,2.0,8.56206863954844,8.56206863954844,0.5707414841781853,1.4292585158218147,fall creek
2015-03-03,11.900349741947501,11.900349741947501,0.03474868028545408,0.39782402646055587,37.39117186479444,0.12061627625118962,0.01763474680002613,0.3477102679239372,2.0,8.570050004183642,8.570050004183642,0.5596017811891199,1.4403982188108801,fall creek
2015-03-04,11.85070160106732,11.85070160106732,0.03699816257071625,0.4348221890312721,38.45237067581062,0.11826973610784572,0.017145980726058933,0.33937504096449916,2.0,8.578006989985267,8.578006989985267,0.5499787641327016,1.4500212358672984,fall creek
2015-03-05,11.799676024665738,11.799676024665738,0.03931561559022689,0.474137804621499,39.51424709840188,0.11608873922461518,0.01667688629228859,0.33147275951457317,2.0,8.586184734000435,8.586184734000435,0.5398613879279661,1.4601386120720339,fall creek
2015-03-06,11.748305192328887,11.748305192328887,0.041713140256298464,0.5158509448777975,40.57682116010549,0.11398661828670816,0.01623507839376121,0.32396227823810886,2.0,8.594417811337781,8.594417811337781,0.53049927721438,1.46950072278562,fall creek
2015-03-07,11.696344932475295,11.696344932475295,0.04418812494687163,0.5600390698246691,41.64003221770605,0.11197597073521932,0.015816289819521375,0.3168169159973248,2.0,8.602745354777959,8.602745354777959,0.5215415740405058,1.4784584259594942,fall creek
2015-03-08,11.643732988348452,11.643732988348452,0.04675210891793624,0.6067911787426054,42.704073719409315,0.11007656867049845,0.01542527144974224,0.3100872832051329,2.0,8.613889379306464,8.613889379306464,0.5128785593800191,1.4871214406199809,fall creek
2015-03-09,11.590423340030592,11.590423340030592,0.04939573707305178,0.6561869158156571,43.76888930081668,0.10826522115205213,0.015053576936758925,0.3036779659007212,2.0,8.625491931273018,8.625491931273018,0.5044428638537861,1.4955571361462139,fall creek
2015-03-10,11.53690391195116,11.53690391195116,0.052125556435467124,0.7083124722511243,44.83455053162054,0.10650359132765855,0.014702652955318415,0.29755410570842244,2.0,8.63714014065173,8.63714014065173,0.49671316169894664,1.5032868383010534,fall creek
2015-03-11,11.482261140259537,11.482261140259537,0.05492754406828504,0.7632400163194093,45.900836551816155,0.1048450287281775,0.014364399800478192,0.29170512092831535,2.0,8.649032839593739,8.649032839593739,0.4887187463700511,1.511281253629949,fall creek
2015-03-12,11.427117110513048,11.427117110513048,0.057811058069775934,0.8210510743891852,46.967725449319964,0.10324664622259719,0.014042317175766589,0.2861081763020211,2.0,8.661034634596474,8.661034634596474,0.4810756874516342,1.5189243125483658,fall creek
2015-03-13,11.371517905840507,11.371517905840507,0.060777284909531826,0.8818283592987171,48.03520956447882,0.10170278150189353,0.013735570992019375,0.2807467625151549,2.0,8.673135495920224,8.673135495920224,0.4737959342104443,1.5262040657895557,fall creek
2015-03-14,11.315556522108784,11.315556522108784,0.0638284505712241,0.9456568098699412,49.10330947636207,0.10020571415214635,0.013443689543929181,0.27560529416583596,2.0,8.685315183525669,8.685315183525669,0.4669329356295391,1.533067064370461,fall creek
2015-03-15,11.258634680080224,11.258634680080224,0.06695354507414963,1.0126103549440908,50.17186130103866,0.09878505447310831,0.013161918188608904,0.27067519879039026,2.0,8.69770390960074,8.69770390960074,0.45992350122492653,1.5400764987750735,fall creek
2015-03-16,11.201375940469818,11.201375940469818,0.0701639716328144,1.0827743265769052,51.24089169757674,0.09740456955392558,0.012893415062666827,0.26593926992697103,2.0,8.710165959582913,8.710165959582913,0.45330969513387576,1.5466903048661242,fall creek
2015-03-17,11.143600144053904,11.143600144053904,0.07341923068377643,1.1561935572606816,52.30983880024982,0.0960367104121399,0.012624813990334213,0.26126377613045576,2.0,8.717167569495205,8.717167569495205,0.4469098798579201,1.55309012014208,fall creek
2015-03-18,11.085393566189794,11.085393566189794,0.07674452289347311,1.2329380801541547,53.378573962221594,0.09470567151604753,0.012365234942050935,0.256741401813941,2.0,8.722992350752005,8.722992350752005,0.4407555162357062,1.5592444837642938,fall creek
2015-03-19,11.026929370069585,11.026929370069585,0.0801512470598924,1.3130893272140471,54.44713570266965,0.09340980454539446,0.012117466086559808,0.25238913130313323,2.0,8.728842912084607,8.728842912084607,0.43495926152908937,1.5650407384709106,fall creek
2015-03-20,10.967408475422818,10.967408475422818,0.08362072268752674,1.3967100499015739,55.515320101274995,0.09218319710186504,0.011876342285998,0.24820105590407468,2.0,8.734799218128503,8.734799218128503,0.42887670799875877,1.5711232920012412,fall creek
2015-03-21,10.907779229507899,10.907779229507899,0.08717411873266445,1.4838841686342383,56.58320798148259,0.09098145580120327,0.011646593643581673,0.24416438140794175,2.0,8.740766366975032,8.740766366975032,0.42323567174839205,1.576764328251608,fall creek
2015-03-22,10.847887442905378,10.847887442905378,0.09080850281728048,1.5746926714515188,57.65083226044376,0.08981032532146575,0.011426684246252379,0.2402712874686913,2.0,8.746759788489232,8.746759788489232,0.41789241610779815,1.5821075838922019,fall creek
2015-03-23,10.787015918531365,10.787015918531365,0.09450543462458616,1.669198106076105,58.718015032514685,0.08869767601044902,0.011212411835919084,0.23651712632298397,2.0,8.752851253187163,8.752851253187163,0.4123112138178755,1.5876887861821245,fall creek
2015-03-24,10.725933225728186,10.725933225728186,0.09828347795081549,1.7674815840269205,59.78480178829931,0.0876104733659036,0.011007248452112275,0.23289191224014086,2.0,8.758963849687605,8.758963849687605,0.40704015234412627,1.5929598476558737,fall creek
2015-03-25,10.679921442989285,10.679921442989285,0.10167481071866113,1.8691563947455816,60.846438316562605,0.08558591469087871,0.010797038998658587,0.22793279024456464,1.98726763040463,8.765373091306857,8.765373091306857,0.3997825622677864,1.5874850681368435,fall creek
2015-03-26,10.679921442989285,10.679921442989285,0.10344783552526704,1.9726042302708486,61.88671380700977,0.08085392473365378,0.010529785419606948,0.21870306147592605,1.9362184236656117,8.765373091306857,8.765373091306857,0.38474897505621886,1.5514694486093927,fall creek
2015-03-27,10.635645153919192,10.635645153919192,0.10770680095313923,2.080311031223988,62.9308186467021,0.08297002991863903,0.010302522247295696,0.2189990140030597,2.0,8.777016891324786,8.777016891324786,1.6116321393427666,0.3883678606572334,fall creek
2015-03-28,10.62095594087859,10.62095594087859,0.11121928352943966,2.1915303147534275,63.9707898465695,0.08236735876195368,0.010076490494096962,0.2158537466801974,2.0,8.780879867709162,8.780879867709162,1.6230259886577985,0.37697401134220154,fall creek
2015-03-29,10.606393171300319,10.606393171300319,0.11473994923083097,2.3062702639842585,65.00644024769761,0.08180145784885337,0.00985601515206211,0.2128160831156894,2.0,8.784709591930362,8.784709591930362,1.6344317827320027,0.36556821726799726,fall creek
2015-03-30,10.592354642918883,10.592354642918883,0.11833802470211463,2.424608288686373,66.03821340790888,0.08120445090096842,0.009649988495850631,0.20988306839764465,2.0,8.788401450946836,8.788401450946836,1.6445866589959859,0.3554133410040141,fall creek
2015-03-31,10.578450339790614,10.578450339790614,0.12194935434242327,2.5465576430287964,67.06597467958393,0.0806375332203555,0.00944931872653859,0.20704638918139479,2.0,8.792058011341,8.792058011341,1.6547055378864617,0.3452944621135383,fall creek
2015-04-01,3.864009390419408,3.864009390419408,0.12866468997658131,2.6752223330053777,68.11439253967447,0.12329138411530849,0.00966863798399794,0.2570809757301806,2.0,11.801398864554843,11.801398864554843,2.0,0.0,fall creek
2015-04-02,3.8640248772827555,3.8640248772827555,0.13308974815135732,2.808312081156735,69.16311614084859,0.12163148013539476,0.009538459495598667,0.2536197904720293,2.0,11.80138945403357,11.80138945403357,2.0,0.0,fall creek
2015-04-03,3.8640572638521817,3.8640572638521817,0.13759426559511878,2.945906346751854,70.21211485931788,0.12001831214850024,0.009411938635707086,0.2502560176811459,2.0,11.801369774483636,11.801369774483636,2.0,0.0,fall creek
2015-04-04,3.9295198552351884,3.9295198552351884,0.1421798297413206,3.0880861764931744,71.2613709100068,0.11846698948847668,0.009261045441182949,0.2468679076295527,2.0,11.761591731957672,11.761591731957672,2.0,0.0,fall creek
2015-04-05,3.9295360872531404,3.9295360872531404,0.14684432624718102,3.2349305027403554,72.31085147541063,0.11694131858441358,0.009141770395721933,0.2436885946485623,2.0,11.761581868646632,11.761581868646632,2.0,0.0,fall creek
2015-04-06,3.9295706428874944,3.9295706428874944,0.15158818958316855,3.386518692323524,73.36052851139647,0.11545686044019073,0.009025709322935381,0.24059512209574552,2.0,11.761560871074371,11.761560871074371,2.0,0.0,fall creek
2015-04-07,3.990937360819429,3.990937360819429,0.15641300726896734,3.5429316995924913,74.41038582295316,0.11402625809704332,0.008887480609772841,0.23747518295974615,2.0,11.724271667209933,11.724271667209933,2.0,0.0,fall creek
2015-04-08,3.9909556913525206,3.9909556913525206,0.16131659093231887,3.70424829052481,75.46039322966351,0.11261917200423133,0.00877780114964922,0.23454469389877378,2.0,11.724260528745821,11.724260528745821,2.0,0.0,fall creek
2015-04-09,3.990993869933262,3.990993869933262,0.1662993576510603,3.8705476481758705,76.51052493799665,0.11124861237103549,0.008670960508785247,0.23169023330271568,2.0,11.724237329706856,11.724237329706856,2.0,0.0,fall creek
2015-04-10,4.050786868809451,4.050786868809451,0.1713629638117533,4.041910611987624,77.56076653817459,0.10992682525283397,0.008540538594585525,0.2287930319802055,2.0,11.684102512536185,11.684102512536185,2.0,0.0,fall creek
2015-04-11,4.050801930529322,4.050801930529322,0.17650518736768817,4.218415799355312,78.61109074593989,0.10862499512605973,0.0084393885964002,0.22608346848395408,2.0,11.684092162055718,11.684092162055718,2.0,0.0,fall creek
2015-04-12,4.050840960320277,4.050840960320277,0.18172633861130905,4.400142137966621,79.66147374019397,0.10735568994055855,0.008340754735843833,0.22344154273887365,2.0,11.684065340610863,11.684065340610863,2.0,0.0,fall creek
2015-04-13,4.096163002490936,4.096163002490936,0.18702776023558165,4.587169898202203,80.71190052219171,0.10612709350252368,0.008224765444328682,0.22077597272820693,2.0,11.652919832907758,11.652919832907758,2.0,0.0,fall creek
2015-04-14,4.09618738694628,4.09618738694628,0.19240753775554253,4.779577435957745,81.76234626716345,0.10491916057574448,0.008131140676601584,0.21826305460325537,2.0,11.652903075802266,11.652903075802266,2.0,0.0,fall creek
2015-04-15,4.1291874007741765,4.1291874007741765,0.19786673828182355,4.977444174239569,82.81279335473221,0.10374653638505654,0.00802564093204409,0.2157462888744406,2.0,11.630225320439674,11.630225320439674,2.0,0.0,fall creek
2015-04-16,4.1292130482112395,4.1292130482112395,0.20340439171686775,5.1808485659564365,83.86322012536036,0.10259565769664286,0.00793659983687958,0.21335291760543384,2.0,11.630207695407563,11.630207695407563,2.0,0.0,fall creek
2015-04-17,4.161348571752177,4.161348571752177,0.20902121902382298,5.3898697849802595,84.91360988311057,0.1014773943394373,0.007836161366700616,0.2109536259876704,2.0,11.608124021591216,11.608124021591216,2.0,0.0,fall creek
2015-04-18,4.161375710421267,4.161375710421267,0.21471620447085016,5.60458598945111,85.96394194897032,0.10037962029719545,0.007751378782619095,0.208671485438761,2.0,11.608105371777865,11.608105371777865,2.0,0.0,fall creek
2015-04-19,4.192955213536847,4.192955213536847,0.22049008870960218,5.825076078160712,87.01420050838503,0.09931205144367312,0.007655538164539433,0.2063811028948962,2.0,11.586403797655436,11.586403797655436,2.0,0.0,fall creek
2015-04-20,4.1929836124209805,4.1929836124209805,0.22634180539350446,6.051417883554216,88.06436579207197,0.09826378849981095,0.007574720163772784,0.20420263666791164,2.0,11.586384281816736,11.586384281816736,2.0,0.0,fall creek
2015-04-21,4.224031737495191,4.224031737495191,0.23227210618599337,6.28368998974021,89.1144227581193,0.09724352449289224,0.007483166770366868,0.20201386706316163,2.0,11.565047873033025,11.565047873033025,2.0,0.0,fall creek
2015-04-22,4.224061120390419,4.224061120390419,0.23827989155251572,6.521969881292725,90.16435251904377,0.096241496509613,0.00740604576764813,0.19993218812883295,2.0,11.565027680977552,11.565027680977552,2.0,0.0,fall creek
2015-04-23,4.2541781001928864,4.2541781001928864,0.24436590658613966,6.766335787878865,91.21414070452329,0.09526539085704018,0.007318664498704788,0.19783918037977713,2.0,11.544331159340246,11.544331159340246,2.0,0.0,fall creek
2015-04-24,4.254209023658452,4.254209023658452,0.25052902514392095,7.016864813022786,92.2637692320857,0.0943066054856897,0.007244994339852478,0.19584798889936775,2.0,11.544309908598027,11.544309908598027,2.0,0.0,fall creek
2015-04-25,4.283800174651972,4.283800174651972,0.25677000573263875,7.273634818755425,93.3132244210279,0.09337188782050661,0.007161369193688504,0.19384391922924427,2.0,11.523974738842393,11.523974738842393,2.0,0.0,fall creek
2015-04-26,4.283832465771084,4.283832465771084,0.2630876746955826,7.536722493451007,94.36248891357901,0.09245360519295638,0.007090926650546888,0.1919374582902238,2.0,11.523952548242612,11.523952548242612,2.0,0.0,fall creek
2015-04-27,4.312885848345884,4.312885848345884,0.26948280349489373,7.806205296945901,95.4115496427996,0.09155768065079807,0.007010832543176394,0.19001680878400432,2.0,11.50398693532126,11.50398693532126,2.0,0.0,fall creek
2015-04-28,4.312919382619908,4.312919382619908,0.27595418252798254,8.082159479473884,96.46038994548705,0.09067738793861584,0.0069434130117780385,0.1881897991247932,2.0,11.503963890419929,11.503963890419929,2.0,0.0,fall creek
2015-04-29,4.341376159551416,4.341376159551416,0.2825025871072615,8.364662066581145,97.5089973069665,0.08981787155878844,0.006866661007799664,0.18634759421996752,2.0,11.484408267533642,11.484408267533642,2.0,0.0,fall creek
2015-04-30,4.341410991852015,4.341410991852015,0.28912677818868815,8.653788844769833,98.55735571762503,0.08897325997914336,0.006802076393301853,0.18459518463547675,2.0,11.484384330622712,11.484384330622712,2.0,0.0,fall creek
2015-05-01,8.725387901225844,8.725387901225844,0.3370141873875223,8.990803032157356,99.74948298045595,0.09686239435864646,0.0075019538993101485,0.20147723072916982,2.0,11.64493791976276,11.64493791976276,2.0,0.0,fall creek
2015-05-02,8.725422281177174,8.725422281177174,0.34586814203757754,9.336671174194933,100.94150159528454,0.09585005598878589,0.007423537041985499,0.19937146921927315,2.0,11.644918356864977,11.644918356864977,2.0,0.0,fall creek
2015-05-03,8.763340226136956,8.763340226136956,0.3548392424226048,9.691510416617538,102.1333931121858,0.09486553115982445,0.007334563766800905,0.19725628617272997,2.0,11.623342268106631,11.623342268106631,2.0,0.0,fall creek
2015-05-04,8.763376864608768,8.763376864608768,0.3639258165972503,10.055436233214788,103.3251348868653,0.09389741355835507,0.00725970122573807,0.19524319043004232,2.0,11.623321420064348,11.623321420064348,2.0,0.0,fall creek
2015-05-05,8.800933804188233,8.800933804188233,0.37312893784964274,10.428565171064431,104.51670932582282,0.09295518607606627,0.007174501922290518,0.19321853769646727,2.0,11.601950750775233,11.601950750775233,2.0,0.0,fall creek
2015-05-06,8.800971891929194,8.800971891929194,0.38244683974823523,10.811012010812666,105.70809461380985,0.09202845792519491,0.007102962441607612,0.19129215596913288,2.0,11.601929078069066,11.601929078069066,2.0,0.0,fall creek
2015-05-07,8.837567090465422,8.837567090465422,0.3918806068022871,11.202892617614953,106.89927384728533,0.09112577326592779,0.007021490476383812,0.18935319602122835,2.0,11.581105659168477,11.581105659168477,2.0,0.0,fall creek
2015-05-08,8.837607050317738,8.837607050317738,0.40142841946768293,11.604321037082636,108.09022601100489,0.0902378411905113,0.006953060115582804,0.18750806543449747,2.0,11.581082921192534,11.581082921192534,2.0,0.0,fall creek
2015-05-09,8.873574603811424,8.873574603811424,0.41109137975374743,12.015412416836384,109.28093488316874,0.0893722889960963,0.006874988972400904,0.18564905152841252,2.0,11.56061664520043,11.56061664520043,2.0,0.0,fall creek
2015-05-10,8.873616220894537,8.873616220894537,0.42086759852185374,12.436280015358237,110.47138018369414,0.08852077178343397,0.0068094727249916895,0.18388016363803575,2.0,11.560592964226155,11.560592964226155,2.0,0.0,fall creek
2015-05-11,8.90887826844809,8.90887826844809,0.4307581895142931,12.86703820487253,111.66154629672936,0.08769008956751295,0.006734624653776174,0.18209638395742275,2.0,11.540528135590968,11.540528135590968,2.0,0.0,fall creek
2015-05-12,8.908921548297128,8.908921548297128,0.44076120853674183,13.307799413409272,112.85141364135755,0.08687279744275776,0.006671843064937441,0.18039913223910034,2.0,11.540503508468763,11.540503508468763,2.0,0.0,fall creek
2015-05-13,8.943449133529684,8.943449133529684,0.45087777576029886,13.758677189169571,114.04096716180231,0.08607490984639381,0.0066000403196089024,0.1786861870257256,2.0,11.520856603965388,11.520856603965388,2.0,0.0,fall creek
2015-05-14,8.943494227387221,8.943494227387221,0.46110589183488315,14.219783081004454,115.23018792538502,0.08528982554314196,0.006539828109337735,0.17705632798749996,2.0,11.520830944635124,11.520830944635124,2.0,0.0,fall creek
2015-05-15,8.977392635745735,8.977392635745735,0.47144668965363934,14.691229770658094,116.4190614078659,0.0845228307238663,0.006470867477477241,0.17540997044779505,2.0,11.50154205468379,11.50154205468379,2.0,0.0,fall creek
2015-05-16,8.993983679307174,8.993983679307174,0.48189852048766824,15.173128291145762,117.60757028051106,0.0837692986973419,0.006408254870660906,0.17381988557715078,2.0,11.492101410449118,11.492101410449118,2.0,0.0,fall creek
2015-05-17,9.010584587534291,9.010584587534291,0.49246128480069906,15.665589575946461,118.79569845292731,0.08302998415893258,0.006347830020927272,0.1722651630333182,2.0,11.484619868287067,11.484619868287067,2.0,0.0,fall creek
2015-05-18,9.01062286479121,9.01062286479121,0.5031339488411515,16.168723524787612,119.98342880667808,0.08230387249473135,0.006292310000794283,0.17075863604905905,2.0,11.4846059340802,11.4846059340802,2.0,0.0,fall creek
2015-05-19,9.067495886355807,9.067495886355807,0.5139177924858025,16.682641317273415,121.17074863671186,0.0815937475579496,0.006227498394269413,0.16922908058306066,2.0,11.463902244434621,11.463902244434621,2.0,0.0,fall creek
2015-05-20,9.067528253559836,9.067528253559836,0.5248100869480687,17.207451404221484,122.35764026277303,0.08089466682209581,0.006174136357076756,0.16777912412576157,2.0,11.463890461685464,11.463890461685464,2.0,0.0,fall creek
2015-05-21,9.117665147053708,9.117665147053708,0.535812174890939,17.743263579112423,123.54409050241246,0.08021027867462767,0.006112781836029694,0.1663108679740876,2.0,11.445638948856812,11.445638948856812,2.0,0.0,fall creek
2015-05-22,9.117698727900256,9.117698727900256,0.5469218572342385,18.29018543634666,124.73008265150555,0.07953675515200688,0.006061446915923613,0.16491432771494333,2.0,11.445626724301023,11.445626724301023,2.0,0.0,fall creek
2015-05-23,9.166919450482952,9.166919450482952,0.5581402885765208,18.848325724923182,125.91560392763336,0.07887694894213297,0.006002357111581306,0.16349908196954588,2.0,11.427708728449058,11.427708728449058,2.0,0.0,fall creek
2015-05-24,9.166954303534952,9.166954303534952,0.5694652141096235,19.417790939032805,127.10063809158146,0.07822761222156092,0.005952937873141089,0.16215307943883217,2.0,11.427696040767763,11.427696040767763,2.0,0.0,fall creek
2015-05-25,9.215410464891804,9.215410464891804,0.5808978045368356,19.99868874356964,128.28517273949439,0.07759108862937589,0.0058959697539865,0.16078791899236144,2.0,11.410056370875973,11.410056370875973,2.0,0.0,fall creek
2015-05-26,9.215446471179533,9.215446471179533,0.5924357502875779,20.59112449385722,129.46919207427777,0.07696466479100596,0.005848362948042637,0.15948978018052895,2.0,11.410043263378148,11.410043263378148,2.0,0.0,fall creek
2015-05-27,9.2630374995038,9.2630374995038,0.6040802295568035,21.195204723414022,130.65268403364442,0.0763502085694043,0.0057934261690824745,0.15817220190275796,2.0,11.392718530961382,11.392718530961382,2.0,0.0,fall creek
2015-05-28,9.263074723587172,9.263074723587172,0.6158288874006388,21.81103361081466,131.83563324167167,0.07574551189784236,0.005747535605562619,0.15691943743074574,2.0,11.392704980145052,11.392704980145052,2.0,0.0,fall creek
2015-05-29,9.310126410358192,9.310126410358192,0.6276829101291312,22.438716520943792,133.01802796158148,0.0751519989865616,0.005694474048157397,0.1556467362774389,2.0,11.375576586164758,11.375576586164758,2.0,0.0,fall creek
2015-05-30,9.310164425705507,9.310164425705507,0.6396399045792407,23.078356425523033,134.1998532311724,0.07456792439002415,0.005650210671587343,0.15443702919485927,2.0,11.37556274730178,11.37556274730178,2.0,0.0,fall creek
2015-05-31,9.355870275185778,9.355870275185778,0.6517010360131614,23.730057461536195,135.38109758192002,0.07399429111460161,0.0055990669228142,0.15320766874621408,2.0,11.358924283288536,11.358924283288536,2.0,0.0,fall creek
2015-06-01,12.027547123316715,12.027547123316715,0.7078523331888711,24.437909794725066,136.63919594231837,0.07686543344255835,0.005853157230584157,0.15935028758601708,2.0,11.435792374000162,11.435792374000162,2.0,0.0,fall creek
2015-06-02,12.038813345303517,12.038813345303517,0.7218522172888129,25.15976201201388,137.89671497920952,0.07624726143690666,0.005802064616970512,0.15804720683125456,2.0,11.427331515645138,11.427331515645138,2.0,0.0,fall creek
2015-06-03,12.050477821485266,12.050477821485266,0.7359782419391863,25.895740253953065,139.15363895340332,0.07563991550320671,0.0057517190108005165,0.15676614316417686,2.0,11.418571571018187,11.418571571018187,2.0,0.0,fall creek
2015-06-04,12.06202101070011,12.06202101070011,0.7502296183013399,26.645969872254405,140.40995231763245,0.07504308601334962,0.005702280975987292,0.15550744190872096,2.0,11.409902712102888,11.409902712102888,2.0,0.0,fall creek
2015-06-05,12.073477319051662,12.073477319051662,0.7646055455823557,27.41057541783676,141.66563971302858,0.07445650499895834,0.005653715475033994,0.15427046961732513,2.0,11.401299100142507,11.401299100142507,2.0,0.0,fall creek
2015-06-06,12.084842999168542,12.084842999168542,0.7791052098969757,28.189680627733736,142.92068596354267,0.07387991170141062,0.005606001673101299,0.15305468097776045,2.0,11.39276354938822,11.39276354938822,2.0,0.0,fall creek
2015-06-07,12.096098952856925,12.096098952856925,0.7937277844991257,28.983408412232862,144.17507607073716,0.07331305376602293,0.005559124682552438,0.15185957662275054,2.0,11.384310402457539,11.384310402457539,2.0,0.0,fall creek
2015-06-08,12.107268956028971,12.107268956028971,0.8084724301788881,29.79188084241175,145.42879520917592,0.07275568878762732,0.005513055642708716,0.1506845986483767,2.0,11.375921803797352,11.375921803797352,2.0,0.0,fall creek
2015-06-09,12.118361259753254,12.118361259753254,0.8233382951910713,30.61521913760282,146.6818287216464,0.07220758169133695,0.005467771818318104,0.14952923419141004,2.0,11.367591556909622,11.367591556909622,2.0,0.0,fall creek
2015-06-10,12.129347118459153,12.129347118459153,0.8383245153026699,31.45354365290549,147.93416211442806,0.07166850433338424,0.005423263571120548,0.14839305237446648,2.0,11.359341249528159,11.359341249528159,2.0,0.0,fall creek
2015-06-11,12.140248945960089,12.140248945960089,0.8534302143411487,32.30697386724664,149.18578105334444,0.07113823724948394,0.005379504655267225,0.14727554739462964,2.0,11.351154049027016,11.351154049027016,2.0,0.0,fall creek
2015-06-12,12.151067842226297,12.151067842226297,0.8686545040390286,33.17562837128567,150.43667135951276,0.07061656752306801,0.005336476657783633,0.14617626644650664,2.0,11.34302912933581,11.34302912933581,2.0,0.0,fall creek
2015-06-13,12.16179573145553,12.16179573145553,0.8839964842395744,34.05962485552524,151.6868190053471,0.07010328901697845,0.0052941647650861234,0.1450947873832149,2.0,11.334972555328724,11.334972555328724,2.0,0.0,fall creek
2015-06-14,14.93651060375439,14.93651060375439,0.3441538037714622,34.403778659296705,152.16750733900122,0.038473359683330634,0.00264976090536714,0.07820217162881203,2.0,10.276880681589349,10.276880681589349,0.0,2.0,fall creek
2015-06-15,14.936532593197546,14.936532593197546,0.34619018645750543,34.74996884575421,152.64772678578038,0.038367131369248915,0.0026424425091007044,0.07798623601685938,2.0,10.276871722714628,10.276871722714628,0.0,2.0,fall creek
2015-06-16,14.936574990941528,14.936574990941528,0.34822829237315744,35.09819713812737,153.12747716364336,0.03826162818087893,0.002635172053554456,0.07777176275328689,2.0,10.276854449149576,10.276854449149576,0.0,2.0,fall creek
2015-06-17,14.957933725982775,14.957933725982775,0.3502687832297937,35.44846592135716,153.60675925223006,0.03815211186074779,0.0026255290324329124,0.07753701088472742,2.0,10.268152535686578,10.268152535686578,0.0,2.0,fall creek
2015-06-18,14.957954236651494,14.957954236651494,0.3523106585099143,35.800776579867076,154.08557250888427,0.03804806331333425,0.002618366670641644,0.07732554009349134,2.0,10.26814417928982,10.26814417928982,0.0,2.0,fall creek
2015-06-19,14.957995451185502,14.957995451185502,0.3543541447696441,36.15513072463672,154.56391676375725,0.03794471762215089,0.002611250663495828,0.07711548607542089,2.0,10.26812738778472,10.26812738778472,0.0,2.0,fall creek
2015-06-20,14.978601366246274,14.978601366246274,0.3563998685772418,36.51153059321396,155.0417927418834,0.03783748977792339,0.002601861682281357,0.07688593651522617,2.0,10.259732186039933,10.259732186039933,0.0,2.0,fall creek
2015-06-21,14.978621943769959,14.978621943769959,0.35844689136727226,36.869977484581234,155.51919995565888,0.03773555443813898,0.0025948501865635386,0.07667879189513839,2.0,10.25972380240532,10.25972380240532,0.0,2.0,fall creek
2015-06-22,14.978663527196439,14.978663527196439,0.3604954138948955,37.23047289847613,155.99613824724,0.03763430058573206,0.002587883525482555,0.07647302032701608,2.0,10.259706860607126,10.259706860607126,0.0,2.0,fall creek
2015-06-23,14.998916942679312,14.998916942679312,0.36254606099456765,37.5930189594707,156.47260833311987,0.037529209472045535,0.0025786974423125096,0.07624812986597472,2.0,10.251455273211068,10.251455273211068,0.0,2.0,fall creek
2015-06-24,14.998938004835775,14.998938004835775,0.3645978974121249,37.95761685688282,156.94860974518852,0.037429323918179214,0.0025718320991418753,0.0760451805224452,2.0,10.251446692128782,10.251446692128782,0.0,2.0,fall creek
2015-06-25,14.998980378144193,14.998980378144193,0.36665112342358697,38.32426798030641,157.42414233731722,0.037330099332999474,0.0025650101319403674,0.07584356225378118,2.0,10.251429428519197,10.251429428519197,0.0,2.0,fall creek
2015-06-26,15.019040991378942,15.019040991378942,0.3687063708156231,38.69297435112203,157.8992068289873,0.0372270484145456,0.0025560038045381963,0.07562303956118423,2.0,10.243256392052086,10.243256392052086,0.0,2.0,fall creek
2015-06-27,15.01906248697358,15.01906248697358,0.3707626935154522,39.063737044637485,158.3738027638726,0.0371291519337968,0.002549280188249133,0.07542416069027139,2.0,10.243247634379687,10.243247634379687,0.0,2.0,fall creek
2015-06-28,15.019105597129025,15.019105597129025,0.37282029680032736,39.43655734143781,158.84793000723354,0.03703189670982483,0.002542598547407059,0.07522657257181152,2.0,10.243230070566037,10.243230070566037,0.0,2.0,fall creek
2015-06-29,15.039054972788113,15.039054972788113,0.3748798183724844,39.811437159810296,159.32158928011458,0.03693080893286644,0.002533758059904112,0.07501021141085944,2.0,10.235102354187188,10.235102354187188,0.0,2.0,fall creek
2015-06-30,15.039076591967449,15.039076591967449,0.376940305056209,40.188377464866505,159.79478014106297,0.03683484330181636,0.0025271719725732692,0.07481528359347331,2.0,10.23509354616427,10.23509354616427,0.0,2.0,fall creek
2015-07-01,24.184249805042977,24.184249805042977,0.6473958015925945,40.8357732664591,160.60043775657024,0.030563149301652756,0.003886558171888701,0.08039961313380431,1.999999969717447,8.961653617434559,8.961653617434559,0.3148430872869519,1.6851568824304952,fall creek
2015-07-02,24.38450113670812,24.38450113670812,0.6524037832994054,41.488177049758505,161.40352077809803,0.03041414207821978,0.0038546703096007397,0.07991513692221197,1.9999121899469496,8.944888826662218,8.944888826662218,0.3136652534584179,1.6862469364885317,fall creek
2015-07-03,24.586280704244267,24.586280704244267,0.6574842674776491,42.145661317236154,162.20414915110422,0.030271426426548533,0.003824089670145207,0.07944843559015154,1.9999147229689567,8.929653052291515,8.929653052291515,0.3125146132680131,1.6874001097009435,fall creek
2015-07-04,24.78893264764862,24.78893264764862,0.6627784576087592,42.80843977484491,163.00260757509108,0.030138104887291996,0.003796577873015232,0.07901493536088684,1.9999242662796535,8.919110034272919,8.919110034272919,0.31137766940600786,1.6885465968736455,fall creek
2015-07-05,24.992313021221587,24.992313021221587,0.668051671242857,43.47649144608777,163.79889109735942,0.030005579262941,0.0037693727633092452,0.07858537049360603,1.9999163909902093,8.908529119492691,8.908529119492691,0.31025002685389375,1.6896663641363157,fall creek
2015-07-06,25.19663994985549,25.19663994985549,0.673446572695994,44.149938018783764,164.59316290656247,0.02987894320782973,0.0037439660713411006,0.0781762187146029,1.9999180996267172,8.90051108505318,8.90051108505318,0.3091357156388112,1.690782383987906,fall creek
2015-07-07,25.401858278899343,25.401858278899343,0.6788655212923302,44.828803540076095,165.3854665859807,0.029754639623761677,0.0037192314721382815,0.07777543683024768,1.9999189137221596,8.893130517435706,8.893130517435706,0.30803270353486667,1.691886210187293,fall creek
2015-07-08,25.608214210482245,25.608214210482245,0.6841357855597039,45.5129393256358,166.1756459514407,0.02962759584828494,0.0036932453910838783,0.07736376450437012,1.999946275645076,8.882990351533794,8.882990351533794,0.30694497621842126,1.6930012994266548,fall creek
2015-07-09,25.81512550385308,25.81512550385308,0.6891139769243466,46.202053302560145,166.96338864291678,0.02949255837369505,0.0036647949568575835,0.07692613858721857,1.9999397062900743,8.867969127535321,8.867969127535321,0.3058632909810416,1.6940764153090329,fall creek
2015-07-10,26.022670799902563,26.022670799902563,0.6940576333553992,46.896110935915544,167.74868542694176,0.02935824669971107,0.0036366393953427573,0.07649213000234294,1.9999191166664798,8.852901876584445,8.852901876584445,0.3047909948919889,1.695128121774491,fall creek
2015-07-11,26.231394278625743,26.231394278625743,0.6992719963572398,47.595382932272784,168.53186813727436,0.029234937696683005,0.003611632798329759,0.07609424212393204,1.9999457173579378,8.842823162693174,8.842823162693174,0.3037372478254431,1.6962084695324948,fall creek
2015-07-12,26.440500400822067,26.440500400822067,0.7044717008097194,48.299854633082504,169.31294104700265,0.029112013366381213,0.0035870510025334933,0.07570038937630681,1.9999236451222933,8.83301772579059,8.83301772579059,0.302686856864426,1.6972367882578672,fall creek
2015-07-13,26.650630154663542,26.650630154663542,0.7097618737362836,49.00961650681879,170.0920235612977,0.02899374517821167,0.003563709051757417,0.07532170033943303,1.9999236569083954,8.824902270337455,8.824902270337455,0.3016504103579043,1.698273246550491,fall creek
2015-07-14,26.861611703312203,26.861611703312203,0.7151217341024747,49.72473824092126,170.86920836832815,0.0288790013578778,0.00354139981980509,0.0749552915463554,1.9999243799693311,8.818152863839522,8.818152863839522,0.30062435328971737,1.6993000266796137,fall creek
2015-07-15,27.073585869378704,27.073585869378704,0.7204079387958586,50.44514617971712,171.6444314727559,0.02876373980217793,0.0035187287082117987,0.07458655479121365,1.9999386473533116,8.810273569219332,8.810273569219332,0.299610341465152,1.7003283058881595,fall creek
2015-07-16,27.286236661482437,27.286236661482437,0.7253797614362938,51.170525941153414,172.41737653478728,0.028640705853049717,0.0034936439215837293,0.0741921426610571,1.9999360246841178,8.79757171284774,8.79757171284774,0.29860375369459585,1.701332270989522,fall creek
2015-07-17,27.499544311792853,27.499544311792853,0.7303216342829373,51.90084757543635,173.1880385656006,0.028518440334119263,0.003468813227427833,0.07380108672711537,1.9999247769709065,8.78483062164182,8.78483062164182,0.2976061128656404,1.702318664105266,fall creek
2015-07-18,27.713816817532432,27.713816817532432,0.7355853528430885,52.63643292827944,173.95677911989532,0.02840720680201791,0.003447193756556733,0.07344682001571602,1.9999373295871297,8.777407466259513,8.777407466259513,0.2966221025272754,1.7033152270598544,fall creek
2015-07-19,27.928694745857282,27.928694745857282,0.7408954234244334,53.37732835170387,174.72366263104618,0.028298243580210873,0.0034263651241324368,0.07310152868626459,1.9999279056272257,8.770996289314935,8.770996289314935,0.29564432095753646,1.704283584669689,fall creek
2015-07-20,28.034,28.034,0.742917134687346,54.12024548639122,175.48534873447247,0.027924980733836372,0.003403374775345484,0.0723831764520333,1.9890284790085169,8.767854363,8.767854363,0.29307125210936547,1.6959572268991514,fall creek
2015-07-21,28.034,28.034,0.7416790324869922,54.86192451887821,176.23865116359133,0.02731664181314583,0.0033782600504307803,0.0713279862103737,1.9680949113675104,8.767854363,8.767854363,0.28904821686775567,1.6790466944997546,fall creek
2015-07-22,28.034,28.034,0.740286321738644,55.602210840616856,176.98361145914606,0.026732996422626748,0.0033533618991267787,0.07030411228611236,1.947699683494181,8.767854363,8.767854363,0.2851405704680236,1.6625591130261574,fall creek
2015-07-23,28.034,28.034,0.7387489461539118,56.34095978677077,177.72027924134275,0.026172749867773848,0.0033286958639087436,0.06931040105228636,1.9278257150400153,8.767854363,8.767854363,0.2813442166738318,1.6464814983661835,fall creek
2015-07-24,28.034,28.034,0.7370762581727561,57.078036044943524,178.44871123369137,0.025634685519993122,0.0033042753900325633,0.06834574103005897,1.9084564052829893,8.767854363,8.767854363,0.27765519993785676,1.6308012053451326,fall creek
2015-07-25,28.034,28.034,0.735277053149396,57.81331309809292,179.1689703797948,0.025117659921608585,0.0032801120211415455,0.06740906225367128,1.8895756398558672,8.767854363,8.767854363,0.2740697041847924,1.6155059356710748,fall creek
2015-07-26,28.034,28.034,0.7333596020232704,58.54667270011619,179.88112504502544,0.02462059815866977,0.003256215579099427,0.066499335467483,1.8711677935768785,8.767854363,8.767854363,0.27058405090440335,1.6005837426724752,fall creek
2015-07-27,28.034,28.034,0.7313316824325966,59.27800438254879,180.58524829561645,0.024142489498041715,0.0032325943290186614,0.06561557119116349,1.853217730015921,8.767854363,8.767854363,0.26719469668949336,1.5860230333264276,fall creek
2015-07-28,28.034,28.034,0.729200608254402,60.00720499080319,181.2814172482652,0.023682383282492787,0.0032092551304556587,0.06475681868362644,1.8357107983455752,8.767854363,8.767854363,0.2638982303340146,1.5718125680115607,fall creek
2015-07-29,28.034,28.034,0.7269732575967964,60.734178248399985,181.96971248390517,0.02323938507548117,0.003186203575730409,0.06392216483156093,1.8186328279522932,8.767854363,8.767854363,0.26069136958943706,1.5579414583628561,fall creek
2015-07-30,28.034,28.034,0.7246560992509856,61.45883434765097,182.65021751980413,0.02281265304591358,0.0031634441163004906,0.06311073298428542,1.8019701212175137,8.767854363,8.767854363,0.2575709576625202,1.5443991635549934,fall creek
2015-07-31,28.034,28.034,0.7222552176609085,62.18108956531188,183.32301833464888,0.022401394582224152,0.0031409801780842572,0.062321681753132706,1.7857094448217719,8.767854363,8.767854363,0.25453395952480334,1.5311754852969686,fall creek
2015-08-01,27.016,27.016,0.20587044867529158,62.38696001398717,183.51381088215092,0.008314388894446849,0.0021502589527832307,0.03158496295669296,0.8387909849305231,8.855603965,8.855603965,0.10012248918035564,0.7386684957501675,fall creek
2015-08-02,27.016,27.016,0.20449325180759104,62.59145326579476,183.70290043450325,0.008280223807419985,0.0021442436010328286,0.03147619363445019,0.8366925797935474,8.855603965,8.855603965,0.09979209542875393,0.7369004843647935,fall creek
2015-08-03,27.016,27.016,0.20312550708443666,62.7945787728792,183.89030660931286,0.008246552601292213,0.002138301342344421,0.031368879102837637,0.8346202991056604,8.855603965,8.855603965,0.09946606353407557,0.7351542355715848,fall creek
2015-08-04,27.016,27.016,0.20176715161219505,62.99634592449139,184.07604871867605,0.008213365411706613,0.002132430981513335,0.03126299266240802,0.8325736967562853,8.855603965,8.855603965,0.09914431450752141,0.733429382248764,fall creek
2015-08-05,27.016,27.016,0.20041812268764403,63.19676404717904,184.26014577543683,0.008180652631377476,0.002126631348667035,0.03115850825454073,0.8305523366962021,8.855603965,8.855603965,0.09882677123349241,0.7317255654627097,fall creek
2015-08-06,27.016,27.016,0.19907835780724525,63.39584240498628,184.44261649928328,0.008148404901841655,0.0021209012986078287,0.031055400442444092,0.8285557926546352,8.855603965,8.855603965,0.09851335841464759,0.7300424342399876,fall creek
2015-08-07,27.016,27.016,0.19774779467908132,63.593590199665364,184.62347932269049,0.008116613105523373,0.0021152397101755873,0.03095364439282662,0.8265836478658591,8.855603965,8.855603965,0.09820400251887797,0.7283796453469812,fall creek
2015-08-08,27.016,27.016,0.19642637123535422,63.79001657090072,184.80275239671522,0.008085268358098288,0.002109645485629699,0.03085321585820826,0.8246354948049164,8.855603965,8.855603965,0.09789863172811439,0.726736863076802,fall creek
2015-08-09,27.016,27.016,0.1951140256402013,63.98513059654092,184.9804535966437,0.008054362001143605,0.0021041175500495753,0.03075409115984537,0.8227109349320858,8.855603965,8.855603965,0.09759717588889405,0.7251137590431918,fall creek
2015-08-10,27.016,27.016,0.19381069630122028,64.17894129284214,185.15660052750022,0.008023885595062548,0.0020986548507531777,0.03065624717124681,0.8208095784458043,8.855603965,8.855603965,0.09729956646462218,0.7235100119811821,fall creek
2015-08-11,27.016,27.016,0.19251632187777545,64.37145761471992,185.33121052941868,0.007993830912270683,0.0020932563567328455,0.030559661302255497,0.8189310440436748,8.855603965,8.855603965,0.09700573648945525,0.7219253075542196,fall creek
2015-08-12,27.016,27.016,0.19123084128749213,64.56268845600741,185.50430068287974,0.007964189930633428,0.0020879210581078987,0.03046431148367421,0.8170749586912812,8.855603965,8.855603965,0.09671562052374619,0.7203593381675351,fall creek
2015-08-13,27.016,27.016,0.18995419371765365,64.75264264972506,185.6758878138228,0.007934954827144161,0.0020826479655935027,0.030370176152414923,0.8152409573985246,8.855603965,8.855603965,0.09642915461099226,0.7188118027875324,fall creek
2015-08-14,27.016,27.016,0.18868631862861207,64.94132896835367,185.8459884986291,0.007906117971832057,0.0020774361099850816,0.0302772342371485,0.8134286830031501,8.855603965,8.855603965,0.09614627623621934,0.7172824067669308,fall creek
2015-08-15,27.016,27.016,0.18742715576290436,65.12875612411658,186.0146190689859,0.007877671921891089,0.0020722845416579825,0.03018546514443872,0.8116377859612598,8.855603965,8.855603965,0.09586692428575799,0.7157708616755017,fall creek
2015-08-16,27.016,27.016,0.1861766451511926,65.31493276926777,186.18179561663217,0.007849609416020045,0.002067192330081695,0.03009484874533906,0.8098679241445002,8.855603965,8.855603965,0.0955910390083488,0.7142768851361514,fall creek
2015-08-17,27.016,27.016,0.18493472711749348,65.49986749638526,186.3475339979896,0.007821923368965254,0.002062158563348237,0.030005365362435515,0.8081187626436978,8.855603965,8.855603965,0.09531856197753012,0.7128002006661677,fall creek
2015-08-18,27.016,27.016,0.18370134228456436,65.68356883866983,186.511849838682,0.007794606866257646,0.00205718234771423,0.029916995757318664,0.8063899735787111,8.855603965,8.855603965,0.09504943605525984,0.7113405375234513,fall creek
2015-08-19,27.016,27.016,0.18247643157953064,65.86604527024936,186.67475853794735,0.007767653159136136,0.002052262807156201,0.02982972111846805,0.8046812359142631,8.855603965,8.855603965,0.0947836053567235,0.7098976305575396,fall creek
2015-08-20,27.016,27.016,0.18125993623799275,66.04730520648735,186.83627527294448,0.007741055659649617,0.002047399082938663,0.029743523049533184,0.8029922352815306,8.855603965,8.855603965,0.09452101521628359,0.7084712200652471,fall creek
2015-08-21,27.016,27.016,0.180051797809071,66.22735700429642,186.9964150029581,0.007714807935930505,0.0020425903331945877,0.029658383557996583,0.8013226638052976,8.855603965,8.855603965,0.09426161215452822,0.7070610516507694,fall creek
2015-08-22,27.016,27.016,0.17885195815732402,66.40620896245375,187.15519247350332,0.007688903707632695,0.002037835732517824,0.02957428504420384,0.7996722199364499,8.855603965,8.855603965,0.09400534384637721,0.7056668760900727,fall creek
2015-08-23,27.016,27.016,0.17766035946918635,66.58386932192293,187.3126222203359,0.007663336841527783,0.0020331344715671536,0.029491210290748457,0.798040608289655,8.855603965,8.855603965,0.09375215909020956,0.7042884491994453,fall creek
2015-08-24,27.016,27.016,0.17647694425288307,66.76034626617582,187.468718573366,0.007638101347252487,0.002028485756681485,0.029409142452195818,0.7964275394859905,8.855603965,8.855603965,0.09350200777796831,0.7029255317080222,fall creek
2015-08-25,27.016,27.016,0.17530165534591902,66.93564792152173,187.62349566048485,0.007613191373202197,0.0020238888095059733,0.029328065045136704,0.7948327300004057,8.855603965,8.855603965,0.09325484086621541,0.7015778891341903,fall creek
2015-08-26,27.016,27.016,0.1741344359127055,67.10978235743444,187.77696741129824,0.007588601202563766,0.002019342866628529,0.02924796193855464,0.7932559020137724,8.855603965,8.855603965,0.09301061034809097,0.7002452916656814,fall creek
2015-08-27,27.016,27.016,0.172975229450131,67.28275758688457,187.92914756077664,0.007564325249483408,0.00201484717922662,0.02916881734449982,0.7916967832694503,8.855603965,8.855603965,0.0927692692261574,0.6989275140432929,fall creek
2015-08-28,27.016,27.016,0.1718239797898491,67.45458156667442,188.0800496528217,0.007540358055363278,0.0020104010127238274,0.02909061580905484,0.7901551069341355,8.855603965,8.855603965,0.09253077148608493,0.6976243354480506,fall creek
2015-08-29,27.016,27.016,0.17068063109873322,67.62526219777315,188.22968704374986,0.0075166942852821815,0.0020060036464559293,0.029013342203582915,0.7886306114628687,8.855603965,8.855603965,0.0922950720711527,0.696335539391716,fall creek
2015-08-30,27.016,27.016,0.16954512788026932,67.79480732565342,188.37807290569629,0.007493328724535822,0.0020016543733462453,0.02893698171624918,0.7871230404680757,8.855603965,8.855603965,0.09206212685753803,0.6950609136105377,fall creek
2015-08-31,27.016,27.016,0.1684174149795865,67.96322474063301,188.5252202299451,0.007470256275291804,0.001997352499589922,0.02886151984380467,0.7856321425924867,8.855603965,8.855603965,0.09183189263036465,0.6938002499621221,fall creek
